Year,Period,Trade Flow,Reporter,Partner,Commodity,Commodity Code,Trade Value (US$)
2020,2020,Import,Greece,Afghanistan,All Commodities,TOTAL,8821
2020,2020,Export,Greece,Afghanistan,All Commodities,TOTAL,159030
2020,2020,Import,Greece,Albania,All Commodities,TOTAL,146485136
2020,2020,Export,Greece,Albania,All Commodities,TOTAL,582315856
2020,2020,Import,Greece,Algeria,All Commodities,TOTAL,700973283
2020,2020,Export,Greece,Algeria,All Commodities,TOTAL,145498669
2020,2020,Import,Greece,Andorra,All Commodities,TOTAL,511852
2020,2020,Export,Greece,Andorra,All Commodities,TOTAL,186870
2020,2020,Import,Greece,Angola,All Commodities,TOTAL,199984
2020,2020,Export,Greece,Angola,All Commodities,TOTAL,1465894
2020,2020,Import,Greece,Antigua and Barbuda,All Commodities,TOTAL,5196
2020,2020,Export,Greece,Antigua and Barbuda,All Commodities,TOTAL,7510934
2020,2020,Import,Greece,Azerbaijan,All Commodities,TOTAL,447522232
2020,2020,Export,Greece,Azerbaijan,All Commodities,TOTAL,5681622
2020,2020,Import,Greece,Argentina,All Commodities,TOTAL,201113810
2020,2020,Export,Greece,Argentina,All Commodities,TOTAL,8026179
2020,2020,Import,Greece,Australia,All Commodities,TOTAL,36182972
2020,2020,Export,Greece,Australia,All Commodities,TOTAL,229635152
2020,2020,Import,Greece,Austria,All Commodities,TOTAL,626730897
2020,2020,Export,Greece,Austria,All Commodities,TOTAL,394968580
2020,2020,Import,Greece,Bahamas,All Commodities,TOTAL,362054
2020,2020,Export,Greece,Bahamas,All Commodities,TOTAL,23790470
2020,2020,Import,Greece,Bahrain,All Commodities,TOTAL,3027846
2020,2020,Export,Greece,Bahrain,All Commodities,TOTAL,12682935
2020,2020,Import,Greece,Bangladesh,All Commodities,TOTAL,49763493
2020,2020,Export,Greece,Bangladesh,All Commodities,TOTAL,50311652
2020,2020,Import,Greece,Armenia,All Commodities,TOTAL,76125
2020,2020,Export,Greece,Armenia,All Commodities,TOTAL,11543181
2020,2020,Import,Greece,Barbados,All Commodities,TOTAL,44078
2020,2020,Export,Greece,Barbados,All Commodities,TOTAL,1948906
2020,2020,Import,Greece,Belgium,All Commodities,TOTAL,1814147104
2020,2020,Export,Greece,Belgium,All Commodities,TOTAL,439829599
2020,2020,Import,Greece,Bermuda,All Commodities,TOTAL,29132
2020,2020,Export,Greece,Bermuda,All Commodities,TOTAL,1873102
2020,2020,Import,Greece,Bhutan,All Commodities,TOTAL,810
2020,2020,Export,Greece,Bhutan,All Commodities,TOTAL,12613
2020,2020,Import,Greece,Bolivia (Plurinational State of),All Commodities,TOTAL,1946300
2020,2020,Export,Greece,Bolivia (Plurinational State of),All Commodities,TOTAL,776111
2020,2020,Import,Greece,Bosnia Herzegovina,All Commodities,TOTAL,15738157
2020,2020,Export,Greece,Bosnia Herzegovina,All Commodities,TOTAL,41620241
2020,2020,Import,Greece,Botswana,All Commodities,TOTAL,820648
2020,2020,Export,Greece,Botswana,All Commodities,TOTAL,250841
2020,2020,Export,Greece,Bouvet Island,All Commodities,TOTAL,2445
2020,2020,Import,Greece,Brazil,All Commodities,TOTAL,199428738
2020,2020,Export,Greece,Brazil,All Commodities,TOTAL,39692961
2020,2020,Import,Greece,Belize,All Commodities,TOTAL,778785
2020,2020,Export,Greece,Belize,All Commodities,TOTAL,3764587
2020,2020,Export,Greece,Br. Indian Ocean Terr.,All Commodities,TOTAL,391
2020,2020,Import,Greece,Solomon Isds,All Commodities,TOTAL,119825
2020,2020,Export,Greece,Solomon Isds,All Commodities,TOTAL,102813
2020,2020,Import,Greece,Br. Virgin Isds,All Commodities,TOTAL,3998148
2020,2020,Export,Greece,Br. Virgin Isds,All Commodities,TOTAL,5622240
2020,2020,Import,Greece,Brunei Darussalam,All Commodities,TOTAL,194
2020,2020,Export,Greece,Brunei Darussalam,All Commodities,TOTAL,659341
2020,2020,Import,Greece,Bulgaria,All Commodities,TOTAL,1791205286
2020,2020,Export,Greece,Bulgaria,All Commodities,TOTAL,1682450068
2020,2020,Import,Greece,Myanmar,All Commodities,TOTAL,11799725
2020,2020,Export,Greece,Myanmar,All Commodities,TOTAL,312569
2020,2020,Import,Greece,Burundi,All Commodities,TOTAL,63270
2020,2020,Export,Greece,Burundi,All Commodities,TOTAL,223267
2020,2020,Import,Greece,Belarus,All Commodities,TOTAL,1990464
2020,2020,Export,Greece,Belarus,All Commodities,TOTAL,16853606
2020,2020,Import,Greece,Cambodia,All Commodities,TOTAL,11161017
2020,2020,Export,Greece,Cambodia,All Commodities,TOTAL,2200408
2020,2020,Import,Greece,Cameroon,All Commodities,TOTAL,3291728
2020,2020,Export,Greece,Cameroon,All Commodities,TOTAL,14251620
2020,2020,Import,Greece,Canada,All Commodities,TOTAL,65845352
2020,2020,Export,Greece,Canada,All Commodities,TOTAL,189968387
2020,2020,Import,Greece,Cabo Verde,All Commodities,TOTAL,580
2020,2020,Export,Greece,Cabo Verde,All Commodities,TOTAL,486962
2020,2020,Import,Greece,Cayman Isds,All Commodities,TOTAL,1196122
2020,2020,Export,Greece,Cayman Isds,All Commodities,TOTAL,10649607
2020,2020,Export,Greece,Central African Rep.,All Commodities,TOTAL,32080
2020,2020,Import,Greece,Sri Lanka,All Commodities,TOTAL,4059357
2020,2020,Export,Greece,Sri Lanka,All Commodities,TOTAL,4262254
2020,2020,Export,Greece,Chad,All Commodities,TOTAL,25449
2020,2020,Import,Greece,Chile,All Commodities,TOTAL,28479295
2020,2020,Export,Greece,Chile,All Commodities,TOTAL,38474233
2020,2020,Import,Greece,China,All Commodities,TOTAL,4275097434
2020,2020,Export,Greece,China,All Commodities,TOTAL,975171509
2020,2020,Import,Greece,Colombia,All Commodities,TOTAL,15907084
2020,2020,Export,Greece,Colombia,All Commodities,TOTAL,12740504
2020,2020,Import,Greece,Comoros,All Commodities,TOTAL,13416332
2020,2020,Export,Greece,Comoros,All Commodities,TOTAL,1369969
2020,2020,Import,Greece,Congo,All Commodities,TOTAL,201246045
2020,2020,Export,Greece,Congo,All Commodities,TOTAL,1864613
2020,2020,Import,Greece,Dem. Rep. of the Congo,All Commodities,TOTAL,1201257
2020,2020,Export,Greece,Dem. Rep. of the Congo,All Commodities,TOTAL,867351
2020,2020,Export,Greece,Cook Isds,All Commodities,TOTAL,753823
2020,2020,Import,Greece,Costa Rica,All Commodities,TOTAL,11257982
2020,2020,Export,Greece,Costa Rica,All Commodities,TOTAL,1959538
2020,2020,Import,Greece,Croatia,All Commodities,TOTAL,64556760
2020,2020,Export,Greece,Croatia,All Commodities,TOTAL,319108012
2020,2020,Import,Greece,Cuba,All Commodities,TOTAL,11634190
2020,2020,Export,Greece,Cuba,All Commodities,TOTAL,3234222
2020,2020,Import,Greece,Cyprus,All Commodities,TOTAL,382472863
2020,2020,Export,Greece,Cyprus,All Commodities,TOTAL,2096835912
2020,2020,Import,Greece,Czechia,All Commodities,TOTAL,482797447
2020,2020,Export,Greece,Czechia,All Commodities,TOTAL,294224875
2020,2020,Import,Greece,Benin,All Commodities,TOTAL,375
2020,2020,Export,Greece,Benin,All Commodities,TOTAL,382331
2020,2020,Import,Greece,Denmark,All Commodities,TOTAL,589634711
2020,2020,Export,Greece,Denmark,All Commodities,TOTAL,252510495
2020,2020,Export,Greece,Dominica,All Commodities,TOTAL,9544
2020,2020,Import,Greece,Dominican Rep.,All Commodities,TOTAL,1538324
2020,2020,Export,Greece,Dominican Rep.,All Commodities,TOTAL,5807549
2020,2020,Import,Greece,Ecuador,All Commodities,TOTAL,152946672
2020,2020,Export,Greece,Ecuador,All Commodities,TOTAL,9646780
2020,2020,Import,Greece,El Salvador,All Commodities,TOTAL,2931392
2020,2020,Export,Greece,El Salvador,All Commodities,TOTAL,1344910
2020,2020,Export,Greece,Equatorial Guinea,All Commodities,TOTAL,1579018
2020,2020,Import,Greece,Ethiopia,All Commodities,TOTAL,5561901
2020,2020,Export,Greece,Ethiopia,All Commodities,TOTAL,6745835
2020,2020,Import,Greece,Estonia,All Commodities,TOTAL,16031891
2020,2020,Export,Greece,Estonia,All Commodities,TOTAL,21050336
2020,2020,Import,Greece,Faeroe Isds,All Commodities,TOTAL,168493
2020,2020,Export,Greece,Faeroe Isds,All Commodities,TOTAL,126948
2020,2020,Export,Greece,Falkland Isds (Malvinas),All Commodities,TOTAL,14384642
2020,2020,Export,Greece,Fiji,All Commodities,TOTAL,57945
2020,2020,Import,Greece,Finland,All Commodities,TOTAL,169949195
2020,2020,Export,Greece,Finland,All Commodities,TOTAL,117912317
2020,2020,Import,Greece,France,All Commodities,TOTAL,2357610291
2020,2020,Export,Greece,France,All Commodities,TOTAL,2025441765
2020,2020,Import,Greece,French Polynesia,All Commodities,TOTAL,772021
2020,2020,Export,Greece,French Polynesia,All Commodities,TOTAL,122586
2020,2020,Import,Greece,Djibouti,All Commodities,TOTAL,643
2020,2020,Export,Greece,Djibouti,All Commodities,TOTAL,357129
2020,2020,Import,Greece,Gabon,All Commodities,TOTAL,19752001
2020,2020,Export,Greece,Gabon,All Commodities,TOTAL,571324
2020,2020,Import,Greece,Georgia,All Commodities,TOTAL,6485117
2020,2020,Export,Greece,Georgia,All Commodities,TOTAL,69074098
2020,2020,Import,Greece,Gambia,All Commodities,TOTAL,182048
2020,2020,Export,Greece,Gambia,All Commodities,TOTAL,8807
2020,2020,Import,Greece,State of Palestine,All Commodities,TOTAL,748571
2020,2020,Export,Greece,State of Palestine,All Commodities,TOTAL,946078
2020,2020,Import,Greece,Germany,All Commodities,TOTAL,6605885694
2020,2020,Export,Greece,Germany,All Commodities,TOTAL,2686288605
2020,2020,Import,Greece,Ghana,All Commodities,TOTAL,7512957
2020,2020,Export,Greece,Ghana,All Commodities,TOTAL,14458533
2020,2020,Import,Greece,Gibraltar,All Commodities,TOTAL,12270877
2020,2020,Export,Greece,Gibraltar,All Commodities,TOTAL,496517503
2020,2020,Export,Greece,Greenland,All Commodities,TOTAL,1548
2020,2020,Export,Greece,Grenada,All Commodities,TOTAL,79573
2020,2020,Export,Greece,Guam,All Commodities,TOTAL,10037
2020,2020,Import,Greece,Guatemala,All Commodities,TOTAL,3210042
2020,2020,Export,Greece,Guatemala,All Commodities,TOTAL,6203933
2020,2020,Import,Greece,Guinea,All Commodities,TOTAL,5909283
2020,2020,Export,Greece,Guinea,All Commodities,TOTAL,3063665
2020,2020,Import,Greece,Guyana,All Commodities,TOTAL,291890
2020,2020,Export,Greece,Guyana,All Commodities,TOTAL,335075
2020,2020,Import,Greece,Haiti,All Commodities,TOTAL,62433
2020,2020,Export,Greece,Haiti,All Commodities,TOTAL,95522
2020,2020,Export,Greece,Holy See (Vatican City State),All Commodities,TOTAL,886
2020,2020,Import,Greece,Honduras,All Commodities,TOTAL,3267834
2020,2020,Export,Greece,Honduras,All Commodities,TOTAL,1608366
2020,2020,Import,Greece,"China, Hong Kong SAR",All Commodities,TOTAL,32935557
2020,2020,Export,Greece,"China, Hong Kong SAR",All Commodities,TOTAL,87640813
2020,2020,Import,Greece,Hungary,All Commodities,TOTAL,574817978
2020,2020,Export,Greece,Hungary,All Commodities,TOTAL,282975664
2020,2020,Import,Greece,Iceland,All Commodities,TOTAL,2462307
2020,2020,Export,Greece,Iceland,All Commodities,TOTAL,3153222
2020,2020,Import,Greece,Indonesia,All Commodities,TOTAL,215716382
2020,2020,Export,Greece,Indonesia,All Commodities,TOTAL,55637753
2020,2020,Import,Greece,Iran,All Commodities,TOTAL,9821248
2020,2020,Export,Greece,Iran,All Commodities,TOTAL,18954186
2020,2020,Import,Greece,Iraq,All Commodities,TOTAL,2283534256
2020,2020,Export,Greece,Iraq,All Commodities,TOTAL,69278518
2020,2020,Import,Greece,Ireland,All Commodities,TOTAL,1994814222
2020,2020,Export,Greece,Ireland,All Commodities,TOTAL,114193432
2020,2020,Import,Greece,Israel,All Commodities,TOTAL,303210672
2020,2020,Export,Greece,Israel,All Commodities,TOTAL,422201843
2020,2020,Import,Greece,Italy,All Commodities,TOTAL,4602630874
2020,2020,Export,Greece,Italy,All Commodities,TOTAL,3691324653
2020,2020,Import,Greece,Côte d'Ivoire,All Commodities,TOTAL,3530032
2020,2020,Export,Greece,Côte d'Ivoire,All Commodities,TOTAL,12546377
2020,2020,Import,Greece,Jamaica,All Commodities,TOTAL,7371
2020,2020,Export,Greece,Jamaica,All Commodities,TOTAL,1135517
2020,2020,Import,Greece,Japan,All Commodities,TOTAL,166034857
2020,2020,Export,Greece,Japan,All Commodities,TOTAL,405756554
2020,2020,Import,Greece,Kazakhstan,All Commodities,TOTAL,1797136817
2020,2020,Export,Greece,Kazakhstan,All Commodities,TOTAL,10304341
2020,2020,Import,Greece,Jordan,All Commodities,TOTAL,22287498
2020,2020,Export,Greece,Jordan,All Commodities,TOTAL,43658490
2020,2020,Import,Greece,Kenya,All Commodities,TOTAL,4416563
2020,2020,Export,Greece,Kenya,All Commodities,TOTAL,8144104
2020,2020,Import,Greece,Dem. People's Rep. of Korea,All Commodities,TOTAL,29
2020,2020,Export,Greece,Dem. People's Rep. of Korea,All Commodities,TOTAL,18858
2020,2020,Import,Greece,Rep. of Korea,All Commodities,TOTAL,277211975
2020,2020,Export,Greece,Rep. of Korea,All Commodities,TOTAL,378044861
2020,2020,Import,Greece,Kuwait,All Commodities,TOTAL,1186554
2020,2020,Export,Greece,Kuwait,All Commodities,TOTAL,34968021
2020,2020,Import,Greece,Kyrgyzstan,All Commodities,TOTAL,1642048
2020,2020,Export,Greece,Kyrgyzstan,All Commodities,TOTAL,246483
2020,2020,Import,Greece,Lao People's Dem. Rep.,All Commodities,TOTAL,211107
2020,2020,Export,Greece,Lao People's Dem. Rep.,All Commodities,TOTAL,1865
2020,2020,Import,Greece,Lebanon,All Commodities,TOTAL,82568254
2020,2020,Export,Greece,Lebanon,All Commodities,TOTAL,740377288
2020,2020,Export,Greece,Lesotho,All Commodities,TOTAL,715
2020,2020,Import,Greece,Latvia,All Commodities,TOTAL,27784961
2020,2020,Export,Greece,Latvia,All Commodities,TOTAL,41703739
2020,2020,Import,Greece,Liberia,All Commodities,TOTAL,113864
2020,2020,Export,Greece,Liberia,All Commodities,TOTAL,130495960
2020,2020,Import,Greece,Libya,All Commodities,TOTAL,58316572
2020,2020,Export,Greece,Libya,All Commodities,TOTAL,719365798
2020,2020,Import,Greece,Lithuania,All Commodities,TOTAL,45506899
2020,2020,Export,Greece,Lithuania,All Commodities,TOTAL,57727271
2020,2020,Import,Greece,Luxembourg,All Commodities,TOTAL,78464548
2020,2020,Export,Greece,Luxembourg,All Commodities,TOTAL,17278629
2020,2020,Import,Greece,"China, Macao SAR",All Commodities,TOTAL,58381
2020,2020,Export,Greece,"China, Macao SAR",All Commodities,TOTAL,1137114
2020,2020,Import,Greece,Madagascar,All Commodities,TOTAL,1056197
2020,2020,Export,Greece,Madagascar,All Commodities,TOTAL,3503351
2020,2020,Import,Greece,Malawi,All Commodities,TOTAL,3114637
2020,2020,Export,Greece,Malawi,All Commodities,TOTAL,1024375
2020,2020,Import,Greece,Malaysia,All Commodities,TOTAL,81902748
2020,2020,Export,Greece,Malaysia,All Commodities,TOTAL,21740115
2020,2020,Export,Greece,Maldives,All Commodities,TOTAL,771628
2020,2020,Export,Greece,Mali,All Commodities,TOTAL,1366578
2020,2020,Import,Greece,Malta,All Commodities,TOTAL,50808357
2020,2020,Export,Greece,Malta,All Commodities,TOTAL,271789179
2020,2020,Import,Greece,Mauritania,All Commodities,TOTAL,9963605
2020,2020,Export,Greece,Mauritania,All Commodities,TOTAL,10030566
2020,2020,Import,Greece,Mauritius,All Commodities,TOTAL,19039557
2020,2020,Export,Greece,Mauritius,All Commodities,TOTAL,4442948
2020,2020,Import,Greece,Mexico,All Commodities,TOTAL,47999058
2020,2020,Export,Greece,Mexico,All Commodities,TOTAL,154874485
2020,2020,Import,Greece,"Other Asia, nes",All Commodities,TOTAL,120125173
2020,2020,Export,Greece,"Other Asia, nes",All Commodities,TOTAL,58363625
2020,2020,Import,Greece,Mongolia,All Commodities,TOTAL,3625
2020,2020,Export,Greece,Mongolia,All Commodities,TOTAL,3037674
2020,2020,Import,Greece,Rep. of Moldova,All Commodities,TOTAL,35676263
2020,2020,Export,Greece,Rep. of Moldova,All Commodities,TOTAL,14678923
2020,2020,Import,Greece,Montenegro,All Commodities,TOTAL,8205676
2020,2020,Export,Greece,Montenegro,All Commodities,TOTAL,92348563
2020,2020,Export,Greece,Montserrat,All Commodities,TOTAL,410
2020,2020,Import,Greece,Morocco,All Commodities,TOTAL,60031304
2020,2020,Export,Greece,Morocco,All Commodities,TOTAL,64902282
2020,2020,Import,Greece,Mozambique,All Commodities,TOTAL,62219121
2020,2020,Export,Greece,Mozambique,All Commodities,TOTAL,1836115
2020,2020,Import,Greece,Oman,All Commodities,TOTAL,3932479
2020,2020,Export,Greece,Oman,All Commodities,TOTAL,14873566
2020,2020,Import,Greece,Namibia,All Commodities,TOTAL,3355553
2020,2020,Export,Greece,Namibia,All Commodities,TOTAL,708473
2020,2020,Export,Greece,Nauru,All Commodities,TOTAL,502
2020,2020,Import,Greece,Nepal,All Commodities,TOTAL,201797
2020,2020,Export,Greece,Nepal,All Commodities,TOTAL,241083
2020,2020,Import,Greece,Netherlands,All Commodities,TOTAL,3399957174
2020,2020,Export,Greece,Netherlands,All Commodities,TOTAL,785712100
2020,2020,Import,Greece,Curaçao,All Commodities,TOTAL,10576
2020,2020,Export,Greece,Curaçao,All Commodities,TOTAL,1092424
2020,2020,Import,Greece,Aruba,All Commodities,TOTAL,992
2020,2020,Export,Greece,Aruba,All Commodities,TOTAL,74272
2020,2020,Export,Greece,Saint Maarten,All Commodities,TOTAL,78909
2020,2020,Import,Greece,Bonaire,All Commodities,TOTAL,501
2020,2020,Export,Greece,Bonaire,All Commodities,TOTAL,928
2020,2020,Export,Greece,New Caledonia,All Commodities,TOTAL,710324
2020,2020,Export,Greece,Vanuatu,All Commodities,TOTAL,523570
2020,2020,Import,Greece,New Zealand,All Commodities,TOTAL,32594763
2020,2020,Export,Greece,New Zealand,All Commodities,TOTAL,24009043
2020,2020,Import,Greece,Nicaragua,All Commodities,TOTAL,2540642
2020,2020,Export,Greece,Nicaragua,All Commodities,TOTAL,348748
2020,2020,Import,Greece,Niger,All Commodities,TOTAL,69432
2020,2020,Export,Greece,Niger,All Commodities,TOTAL,779718
2020,2020,Import,Greece,Nigeria,All Commodities,TOTAL,30233179
2020,2020,Export,Greece,Nigeria,All Commodities,TOTAL,45654329
2020,2020,Export,Greece,Niue,All Commodities,TOTAL,12925
2020,2020,Export,Greece,"Other Africa, nes",All Commodities,TOTAL,697606
2020,2020,Import,Greece,Norway,All Commodities,TOTAL,202464272
2020,2020,Export,Greece,Norway,All Commodities,TOTAL,69048266
2020,2020,Export,Greece,N. Mariana Isds,All Commodities,TOTAL,532
2020,2020,Export,Greece,United States Minor Outlying Islands,All Commodities,TOTAL,130200
2020,2020,Import,Greece,Marshall Isds,All Commodities,TOTAL,8398690
2020,2020,Export,Greece,Marshall Isds,All Commodities,TOTAL,119297284
2020,2020,Export,Greece,Palau,All Commodities,TOTAL,134101
2020,2020,Import,Greece,Pakistan,All Commodities,TOTAL,73302207
2020,2020,Export,Greece,Pakistan,All Commodities,TOTAL,46868915
2020,2020,Import,Greece,Panama,All Commodities,TOTAL,12924621
2020,2020,Export,Greece,Panama,All Commodities,TOTAL,110517758
2020,2020,Import,Greece,Papua New Guinea,All Commodities,TOTAL,866055
2020,2020,Export,Greece,Papua New Guinea,All Commodities,TOTAL,497076
2020,2020,Import,Greece,Paraguay,All Commodities,TOTAL,4169489
2020,2020,Export,Greece,Paraguay,All Commodities,TOTAL,4290653
2020,2020,Import,Greece,Peru,All Commodities,TOTAL,8533709
2020,2020,Export,Greece,Peru,All Commodities,TOTAL,33830434
2020,2020,Import,Greece,Philippines,All Commodities,TOTAL,8272216
2020,2020,Export,Greece,Philippines,All Commodities,TOTAL,9818802
2020,2020,Import,Greece,Pitcairn,All Commodities,TOTAL,20498
2020,2020,Export,Greece,Pitcairn,All Commodities,TOTAL,473161
2020,2020,Import,Greece,Poland,All Commodities,TOTAL,960247057
2020,2020,Export,Greece,Poland,All Commodities,TOTAL,652732818
2020,2020,Import,Greece,Portugal,All Commodities,TOTAL,113835062
2020,2020,Export,Greece,Portugal,All Commodities,TOTAL,197099987
2020,2020,Import,Greece,Qatar,All Commodities,TOTAL,41988903
2020,2020,Export,Greece,Qatar,All Commodities,TOTAL,71401388
2020,2020,Import,Greece,Romania,All Commodities,TOTAL,729588335
2020,2020,Export,Greece,Romania,All Commodities,TOTAL,1248622590
2020,2020,Import,Greece,Russian Federation,All Commodities,TOTAL,3336072048
2020,2020,Export,Greece,Russian Federation,All Commodities,TOTAL,184080998
2020,2020,Import,Greece,Rwanda,All Commodities,TOTAL,17786
2020,2020,Export,Greece,Rwanda,All Commodities,TOTAL,537528
2020,2020,Import,Greece,Saint Barthélemy,All Commodities,TOTAL,171
2020,2020,Export,Greece,Saint Barthélemy,All Commodities,TOTAL,65851
2020,2020,Import,Greece,Saint Helena,All Commodities,TOTAL,2527
2020,2020,Export,Greece,Saint Helena,All Commodities,TOTAL,3855440
2020,2020,Import,Greece,Saint Kitts and Nevis,All Commodities,TOTAL,1393
2020,2020,Export,Greece,Saint Kitts and Nevis,All Commodities,TOTAL,145737
2020,2020,Import,Greece,Anguilla,All Commodities,TOTAL,5350
2020,2020,Export,Greece,Anguilla,All Commodities,TOTAL,337569
2020,2020,Import,Greece,Saint Lucia,All Commodities,TOTAL,111839
2020,2020,Export,Greece,Saint Lucia,All Commodities,TOTAL,203928
2020,2020,Import,Greece,Saint Vincent and the Grenadines,All Commodities,TOTAL,3911450
2020,2020,Export,Greece,Saint Vincent and the Grenadines,All Commodities,TOTAL,1012947
2020,2020,Import,Greece,San Marino,All Commodities,TOTAL,2295570
2020,2020,Export,Greece,San Marino,All Commodities,TOTAL,1031884
2020,2020,Import,Greece,Sao Tome and Principe,All Commodities,TOTAL,517
2020,2020,Export,Greece,Sao Tome and Principe,All Commodities,TOTAL,60068
2020,2020,Import,Greece,Saudi Arabia,All Commodities,TOTAL,620570488
2020,2020,Export,Greece,Saudi Arabia,All Commodities,TOTAL,339041124
2020,2020,Import,Greece,Senegal,All Commodities,TOTAL,8470798
2020,2020,Export,Greece,Senegal,All Commodities,TOTAL,5902895
2020,2020,Import,Greece,Serbia,All Commodities,TOTAL,244966332
2020,2020,Export,Greece,Serbia,All Commodities,TOTAL,368840647
2020,2020,Import,Greece,Seychelles,All Commodities,TOTAL,18391
2020,2020,Export,Greece,Seychelles,All Commodities,TOTAL,393428
2020,2020,Import,Greece,Sierra Leone,All Commodities,TOTAL,91919
2020,2020,Export,Greece,Sierra Leone,All Commodities,TOTAL,2377845
2020,2020,Import,Greece,India,All Commodities,TOTAL,474136425
2020,2020,Export,Greece,India,All Commodities,TOTAL,87890067
2020,2020,Import,Greece,Singapore,All Commodities,TOTAL,43223010
2020,2020,Export,Greece,Singapore,All Commodities,TOTAL,123563438
2020,2020,Import,Greece,Slovakia,All Commodities,TOTAL,176801920
2020,2020,Export,Greece,Slovakia,All Commodities,TOTAL,153139988
2020,2020,Import,Greece,Viet Nam,All Commodities,TOTAL,232247119
2020,2020,Export,Greece,Viet Nam,All Commodities,TOTAL,47729901
2020,2020,Import,Greece,Slovenia,All Commodities,TOTAL,163310104
2020,2020,Export,Greece,Slovenia,All Commodities,TOTAL,365075577
2020,2020,Export,Greece,Somalia,All Commodities,TOTAL,168645
2020,2020,Import,Greece,South Africa,All Commodities,TOTAL,69969962
2020,2020,Export,Greece,South Africa,All Commodities,TOTAL,64240269
2020,2020,Import,Greece,Zimbabwe,All Commodities,TOTAL,3553814
2020,2020,Export,Greece,Zimbabwe,All Commodities,TOTAL,781817
2020,2020,Import,Greece,Spain,All Commodities,TOTAL,1830222135
2020,2020,Export,Greece,Spain,All Commodities,TOTAL,1292520302
2020,2020,Export,Greece,South Sudan,All Commodities,TOTAL,59756
2020,2020,Import,Greece,Sudan,All Commodities,TOTAL,14482556
2020,2020,Export,Greece,Sudan,All Commodities,TOTAL,5923961
2020,2020,Import,Greece,Suriname,All Commodities,TOTAL,90538
2020,2020,Export,Greece,Suriname,All Commodities,TOTAL,465888
2020,2020,Import,Greece,Eswatini,All Commodities,TOTAL,1114
2020,2020,Export,Greece,Eswatini,All Commodities,TOTAL,146820
2020,2020,Import,Greece,Sweden,All Commodities,TOTAL,433550198
2020,2020,Export,Greece,Sweden,All Commodities,TOTAL,216655379
2020,2020,Import,Greece,Switzerland,All Commodities,TOTAL,393183805
2020,2020,Export,Greece,Switzerland,All Commodities,TOTAL,176459640
2020,2020,Import,Greece,Syria,All Commodities,TOTAL,3223289
2020,2020,Export,Greece,Syria,All Commodities,TOTAL,2880605
2020,2020,Import,Greece,Tajikistan,All Commodities,TOTAL,1888097
2020,2020,Export,Greece,Tajikistan,All Commodities,TOTAL,110589
2020,2020,Import,Greece,Thailand,All Commodities,TOTAL,150092003
2020,2020,Export,Greece,Thailand,All Commodities,TOTAL,69967050
2020,2020,Import,Greece,Togo,All Commodities,TOTAL,920830
2020,2020,Export,Greece,Togo,All Commodities,TOTAL,114279135
2020,2020,Export,Greece,Tonga,All Commodities,TOTAL,8770
2020,2020,Import,Greece,Trinidad and Tobago,All Commodities,TOTAL,558235
2020,2020,Export,Greece,Trinidad and Tobago,All Commodities,TOTAL,1613164
2020,2020,Import,Greece,United Arab Emirates,All Commodities,TOTAL,73260918
2020,2020,Export,Greece,United Arab Emirates,All Commodities,TOTAL,267397401
2020,2020,Import,Greece,Tunisia,All Commodities,TOTAL,28690571
2020,2020,Export,Greece,Tunisia,All Commodities,TOTAL,205486379
2020,2020,Import,Greece,Turkey,All Commodities,TOTAL,1771785929
2020,2020,Export,Greece,Turkey,All Commodities,TOTAL,1528497454
2020,2020,Import,Greece,Turkmenistan,All Commodities,TOTAL,37637299
2020,2020,Export,Greece,Turkmenistan,All Commodities,TOTAL,2415245
2020,2020,Export,Greece,Turks and Caicos Isds,All Commodities,TOTAL,163527
2020,2020,Export,Greece,Tuvalu,All Commodities,TOTAL,33114
2020,2020,Import,Greece,Uganda,All Commodities,TOTAL,3019107
2020,2020,Export,Greece,Uganda,All Commodities,TOTAL,1870412
2020,2020,Import,Greece,Ukraine,All Commodities,TOTAL,204400673
2020,2020,Export,Greece,Ukraine,All Commodities,TOTAL,221140443
2020,2020,Import,Greece,North Macedonia,All Commodities,TOTAL,251472608
2020,2020,Export,Greece,North Macedonia,All Commodities,TOTAL,616283954
2020,2020,Import,Greece,Egypt,All Commodities,TOTAL,699622599
2020,2020,Export,Greece,Egypt,All Commodities,TOTAL,567687681
2020,2020,Import,Greece,United Kingdom,All Commodities,TOTAL,1103720386
2020,2020,Export,Greece,United Kingdom,All Commodities,TOTAL,1326798329
2020,2020,Import,Greece,United Rep. of Tanzania,All Commodities,TOTAL,3178408
2020,2020,Export,Greece,United Rep. of Tanzania,All Commodities,TOTAL,2789441
2020,2020,Import,Greece,Bunkers,All Commodities,TOTAL,528802
2020,2020,Export,Greece,Bunkers,All Commodities,TOTAL,189976
2020,2020,Import,Greece,Special Categories,All Commodities,TOTAL,248587
2020,2020,Import,Greece,USA,All Commodities,TOTAL,1114006443
2020,2020,Export,Greece,USA,All Commodities,TOTAL,1312362566
2020,2020,Export,Greece,Burkina Faso,All Commodities,TOTAL,5297337
2020,2020,Import,Greece,Uruguay,All Commodities,TOTAL,3328659
2020,2020,Export,Greece,Uruguay,All Commodities,TOTAL,4309855
2020,2020,Import,Greece,Uzbekistan,All Commodities,TOTAL,2277932
2020,2020,Export,Greece,Uzbekistan,All Commodities,TOTAL,3973076
2020,2020,Import,Greece,Venezuela,All Commodities,TOTAL,21356095
2020,2020,Export,Greece,Venezuela,All Commodities,TOTAL,2513340
2020,2020,Export,Greece,Wallis and Futuna Isds,All Commodities,TOTAL,7218
2020,2020,Export,Greece,Samoa,All Commodities,TOTAL,18344
2020,2020,Import,Greece,Yemen,All Commodities,TOTAL,3044306
2020,2020,Export,Greece,Yemen,All Commodities,TOTAL,7205811
2020,2020,Import,Greece,Zambia,All Commodities,TOTAL,11191683
2020,2020,Export,Greece,Zambia,All Commodities,TOTAL,1326734
2020,2020,Import,Greece,"Areas, nes",All Commodities,TOTAL,1677379749
2020,2020,Export,Greece,"Areas, nes",All Commodities,TOTAL,452862105
